{
"lengthUnit": "mil",
"components": {
	"fields": ["COMPONENT_NO", "COMPONENT_NAME", "LAYER", "X_COORDINATE", "Y_COORDINATE", "ANGLE"],
	"rows": [
		[1, "C1", "T", 1250, -815, 270],
		[2, "C2", "T", 1250, -655, 90],
		[3, "C3", "T", 1730, -490, 90],
		[4, "C4", "T", 1730, -330, 90],
		[5, "C5", "T", 1015, -1085, 0],
		[6, "C6", "T", 1455, -1080, 0],
		[7, "Cf", "T", 1080, -420, 180],
		[8, "Cfilt", "T", 1395, -635, 90],
		[9, "P2", "T", 1335, -1340, 0],
		[10, "R1", "T", 1745, -135, 0],
		[11, "R2", "T", 1745, -195, 180],
		[12, "Rf", "T", 1080, -515, 180],
		[13, "RF1", "B", 845, -600, 180],
		[14, "Rf2", "T", 1565, -195, 180],
		[15, "RF2", "B", 1960, -600, 0],
		[16, "Rfilt", "T", 1355, -520, 180],
		[17, "Rg2", "T", 1420, -235, 270],
		[18, "SCREW1", "T", 750, 150, 0],
		[19, "SCREW2", "T", 715, -1470, 0],
		[20, "SCREW3", "T", 2090, -1475, 0],
		[21, "SCREW4", "T", 2045, 155, 0],
		[22, "U1", "T", 1105, -735, 0],
		[23, "U2", "T", 1588.66, -412.28, 0]
	]
},
"pins": {
	"fields": ["PIN_NO", "PIN_NAME", "PIN_X", "PIN_Y", "LAYER", "PIN_TYPE", "NET_NAME", "NET_TYPE", "PAD_SHAPE", "PAD_SIZEX", "PAD_SIZEY", "HOLE_SIZE", "PAD_ANGLE"],
	"rows": [
		[1, "C1_1", 1250, -787.44, "T", "SMD", "AGND", "", "R", 31.5, 35.43, 0, 270],
		[2, "C1_2", 1250, -842.56, "T", "SMD", "-5V", "", "R", 31.5, 35.43, 0, 270],
		[3, "C2_1", 1250, -682.56, "T", "SMD", "AGND", "", "R", 31.5, 35.43, 0, 90],
		[4, "C2_2", 1250, -627.44, "T", "SMD", "+5V", "", "R", 31.5, 35.43, 0, 90],
		[5, "C3_1", 1730, -517.56, "T", "SMD", "-5V", "", "R", 31.5, 35.43, 0, 90],
		[6, "C3_2", 1730, -462.44, "T", "SMD", "AGND", "", "R", 31.5, 35.43, 0, 90],
		[7, "C4_1", 1730, -357.56, "T", "SMD", "AGND", "", "R", 31.5, 35.43, 0, 90],
		[8, "C4_2", 1730, -302.44, "T", "SMD", "+5V", "", "R", 31.5, 35.43, 0, 90],
		[9, "C5_1", 1131.58, -1085, "T", "SMD", "+5V", "", "R", 86.91, 93.54, 0, 0],
		[10, "C5_2", 898.42, -1085, "T", "SMD", "AGND", "", "R", 86.91, 93.54, 0, 0],
		[11, "C6_1", 1571.58, -1080, "T", "SMD", "AGND", "", "R", 86.91, 93.54, 0, 0],
		[12, "C6_2", 1338.42, -1080, "T", "SMD", "-5V", "", "R", 86.91, 93.54, 0, 0],
		[13, "Cf_1", 1119.37, -420, "T", "SMD", "$1N1239", "", "R", 44.59, 54.21, 0, 180],
		[14, "Cf_2", 1040.63, -420, "T", "SMD", "IN-", "", "R", 44.59, 54.21, 0, 180],
		[15, "Cfilt_1", 1395, -674.37, "T", "SMD", "AGND", "", "R", 44.59, 54.21, 0, 90],
		[16, "Cfilt_2", 1395, -595.63, "T", "SMD", "$1N1441", "", "R", 44.59, 54.21, 0, 90],
		[17, "P2_1", 1135, -1340, "T", "DIP", "+5V", "", "C", 78.74, 78.74, 51.18, 180],
		[18, "P2_1", 1135, -1340, "B", "DIP", "+5V", "", "C", 78.74, 78.74, 51.18, 180],
		[19, "P2_2", 1335, -1340, "T", "DIP", "-5V", "", "C", 78.74, 78.74, 51.18, 180],
		[20, "P2_2", 1335, -1340, "B", "DIP", "-5V", "", "C", 78.74, 78.74, 51.18, 180],
		[21, "P2_3", 1535, -1340, "T", "DIP", "AGND", "", "C", 78.74, 78.74, 51.18, 180],
		[22, "P2_3", 1535, -1340, "B", "DIP", "AGND", "", "C", 78.74, 78.74, 51.18, 180],
		[23, "R1_1", 1715.34, -135, "T", "SMD", "$1N1504", "", "R", 31.75, 34.02, 0, 0],
		[24, "R1_2", 1774.66, -135, "T", "SMD", "$1N1693", "", "R", 31.75, 34.02, 0, 0],
		[25, "R2_1", 1774.66, -195, "T", "SMD", "$1N1693", "", "R", 31.75, 34.02, 0, 180],
		[26, "R2_2", 1715.34, -195, "T", "SMD", "$1N1504", "", "R", 31.75, 34.02, 0, 180],
		[27, "Rf_1", 1119.37, -515, "T", "SMD", "$1N1239", "", "R", 44.59, 54.21, 0, 180],
		[28, "Rf_2", 1040.63, -515, "T", "SMD", "IN-", "", "R", 44.59, 54.21, 0, 180],
		[29, "RF1_1", 945.39, -700.39, "T", "DIP", "AGND", "", "C", 86.61, 86.61, 62.99, 180],
		[30, "RF1_1", 945.39, -700.39, "B", "DIP", "AGND", "", "C", 86.61, 86.61, 62.99, 180],
		[31, "RF1_2", 945.39, -499.6, "T", "DIP", "AGND", "", "C", 86.61, 86.61, 62.99, 180],
		[32, "RF1_2", 945.39, -499.6, "B", "DIP", "AGND", "", "C", 86.61, 86.61, 62.99, 180],
		[33, "RF1_3", 744.61, -499.6, "T", "DIP", "AGND", "", "C", 86.61, 86.61, 62.99, 180],
		[34, "RF1_3", 744.61, -499.6, "B", "DIP", "AGND", "", "C", 86.61, 86.61, 62.99, 180],
		[35, "RF1_4", 744.61, -700.39, "T", "DIP", "AGND", "", "C", 86.61, 86.61, 62.99, 180],
		[36, "RF1_4", 744.61, -700.39, "B", "DIP", "AGND", "", "C", 86.61, 86.61, 62.99, 180],
		[37, "RF1_5", 845, -600, "T", "DIP", "IN-", "", "C", 78.74, 78.74, 51.18, 180],
		[38, "RF1_5", 845, -600, "B", "DIP", "IN-", "", "C", 78.74, 78.74, 51.18, 180],
		[39, "Rf2_1", 1604.37, -195, "T", "SMD", "$1N1504", "", "R", 44.59, 54.21, 0, 180],
		[40, "Rf2_2", 1525.63, -195, "T", "SMD", "$1N1510", "", "R", 44.59, 54.21, 0, 180],
		[41, "RF2_1", 1859.6, -499.6, "T", "DIP", "AGND", "", "C", 86.61, 86.61, 62.99, 0],
		[42, "RF2_1", 1859.6, -499.6, "B", "DIP", "AGND", "", "C", 86.61, 86.61, 62.99, 0],
		[43, "RF2_2", 1859.6, -700.39, "T", "DIP", "AGND", "", "C", 86.61, 86.61, 62.99, 0],
		[44, "RF2_2", 1859.6, -700.39, "B", "DIP", "AGND", "", "C", 86.61, 86.61, 62.99, 0],
		[45, "RF2_3", 2060.39, -700.39, "T", "DIP", "AGND", "", "C", 86.61, 86.61, 62.99, 0],
		[46, "RF2_3", 2060.39, -700.39, "B", "DIP", "AGND", "", "C", 86.61, 86.61, 62.99, 0],
		[47, "RF2_4", 2060.39, -499.6, "T", "DIP", "AGND", "", "C", 86.61, 86.61, 62.99, 0],
		[48, "RF2_4", 2060.39, -499.6, "B", "DIP", "AGND", "", "C", 86.61, 86.61, 62.99, 0],
		[49, "RF2_5", 1960, -600, "T", "DIP", "$1N1693", "", "C", 78.74, 78.74, 51.18, 0],
		[50, "RF2_5", 1960, -600, "B", "DIP", "$1N1693", "", "C", 78.74, 78.74, 51.18, 0],
		[51, "Rfilt_1", 1394.37, -520, "T", "SMD", "$1N1441", "", "R", 44.59, 54.21, 0, 180],
		[52, "Rfilt_2", 1315.63, -520, "T", "SMD", "$1N1239", "", "R", 44.59, 54.21, 0, 180],
		[53, "Rg2_1", 1420, -195.63, "T", "SMD", "$1N1510", "", "R", 44.59, 54.21, 0, 270],
		[54, "Rg2_2", 1420, -274.37, "T", "SMD", "AGND", "", "R", 44.59, 54.21, 0, 270],
		[55, "SCREW1_1", 750, 150, "T", "DIP", "SCREW1_1", "", "C", 78.74, 78.74, 78.74, 0],
		[56, "SCREW1_1", 750, 150, "B", "DIP", "SCREW1_1", "", "C", 78.74, 78.74, 78.74, 0],
		[57, "SCREW2_1", 715, -1470, "T", "DIP", "SCREW2_1", "", "C", 78.74, 78.74, 78.74, 0],
		[58, "SCREW2_1", 715, -1470, "B", "DIP", "SCREW2_1", "", "C", 78.74, 78.74, 78.74, 0],
		[59, "SCREW3_1", 2090, -1475, "T", "DIP", "SCREW3_1", "", "C", 78.74, 78.74, 78.74, 0],
		[60, "SCREW3_1", 2090, -1475, "B", "DIP", "SCREW3_1", "", "C", 78.74, 78.74, 78.74, 0],
		[61, "SCREW4_1", 2045, 155, "T", "DIP", "SCREW4_1", "", "C", 78.74, 78.74, 78.74, 0],
		[62, "SCREW4_1", 2045, 155, "B", "DIP", "SCREW4_1", "", "C", 78.74, 78.74, 78.74, 0],
		[63, "U1_1", 1030, -844.15, "T", "SMD", "AGND", "", "O", 23.15, 80.51, 0, 0],
		[64, "U1_2", 1080, -844.15, "T", "SMD", "U1_2", "", "O", 23.15, 80.51, 0, 0],
		[65, "U1_3", 1130, -844.15, "T", "SMD", "U1_3", "", "O", 23.15, 80.51, 0, 0],
		[66, "U1_4", 1180, -844.15, "T", "SMD", "-5V", "", "O", 23.15, 80.51, 0, 0],
		[67, "U1_5", 1180, -625.85, "T", "SMD", "+5V", "", "O", 23.15, 80.51, 0, 0],
		[68, "U1_6", 1130, -625.85, "T", "SMD", "$1N1239", "", "O", 23.15, 80.51, 0, 0],
		[69, "U1_7", 1080, -625.85, "T", "SMD", "GRD1", "", "O", 23.15, 80.51, 0, 0],
		[70, "U1_8", 1030, -625.85, "T", "SMD", "IN-", "", "O", 23.15, 80.51, 0, 0],
		[71, "U2_1", 1513.66, -521.43, "T", "SMD", "$1N1441", "", "O", 23.15, 80.51, 0, 0],
		[72, "U2_2", 1563.66, -521.43, "T", "SMD", "GRD2", "", "O", 23.15, 80.51, 0, 0],
		[73, "U2_3", 1613.66, -521.43, "T", "SMD", "U2_3", "", "O", 23.15, 80.51, 0, 0],
		[74, "U2_4", 1663.66, -521.43, "T", "SMD", "-5V", "", "O", 23.15, 80.51, 0, 0],
		[75, "U2_5", 1663.66, -303.13, "T", "SMD", "+5V", "", "O", 23.15, 80.51, 0, 0],
		[76, "U2_6", 1613.66, -303.13, "T", "SMD", "$1N1504", "", "O", 23.15, 80.51, 0, 0],
		[77, "U2_7", 1563.66, -303.13, "T", "SMD", "U2_7", "", "O", 23.15, 80.51, 0, 0],
		[78, "U2_8", 1513.66, -303.13, "T", "SMD", "$1N1510", "", "O", 23.15, 80.51, 0, 0]
	]
}
}