{
"lengthUnit": "mil",
"components": {
	"fields": ["COMPONENT_NO", "COMPONENT_NAME", "LAYER", "X_COORDINATE", "Y_COORDINATE", "ANGLE"],
	"rows": [
		[1, "C1", "T", 1250, -815, 270],
		[2, "C2", "T", 1250, -655, 90],
		[3, "C3", "T", 1730, -490, 90],
		[4, "C4", "T", 1730, -330, 90],
		[5, "C5", "T", 470, -1240, 90],
		[6, "C6", "T", 2195, -1260, 270],
		[7, "C7", "T", 1620, -1435, 0],
		[8, "C8", "T", 1605, -1165, 0],
		[9, "C9", "T", 835, -1265, 180],
		[10, "C10", "T", 810, -1470, 180],
		[11, "C11", "T", 1651.46, -2086.61, 0],
		[12, "C12", "T", 1841.46, -1901.61, 90],
		[13, "C13", "T", 1610, -1640, 0],
		[14, "C14", "T", 1205, -1940, 180],
		[15, "C15", "T", 1075, -2110, 90],
		[16, "C16", "T", 902.42, -2032.88, 90],
		[17, "C17", "T", 1003.82, -2032.42, 90],
		[18, "C18", "T", 825, -1625, 180],
		[19, "C19", "T", 824.54, -1763.16, 180],
		[20, "Cf", "T", 1080, -420, 180],
		[21, "Cff", "T", 2041.46, -1726.61, 90],
		[22, "Cfilt", "T", 1395, -635, 90],
		[23, "D1", "T", 1701.46, -1811.61, 0],
		[24, "DC1", "T", 350, -1890, 180],
		[25, "H1", "T", 690, -1125, 0],
		[26, "H2", "T", 1790, -1150, 180],
		[27, "L1", "T", 1856.46, -2096.61, 90],
		[28, "L2", "T", 1806.46, -1686.61, 90],
		[29, "L3", "T", 745, -1955, 270],
		[30, "P1", "T", 865, -2505, 180],
		[31, "P2", "T", 1715, -2504.11, 0],
		[32, "R1", "T", 1745, -135, 0],
		[33, "R2", "T", 1745, -195, 180],
		[34, "R14", "T", 1390, -1500, 270],
		[35, "R15", "B", 1150, -1505, 270],
		[36, "Rf", "T", 1080, -515, 180],
		[37, "RF1", "B", 715, -185, 90],
		[38, "Rf2", "T", 1565, -195, 180],
		[39, "RF2", "B", 2045, -185, 90],
		[40, "Rfb1", "T", 1976.2, -1723.2, 90],
		[41, "Rfb2", "T", 1976.46, -1876.61, 90],
		[42, "Rfb3", "T", 1395, -2035, 90],
		[43, "Rfb4", "T", 1315, -2035, 270],
		[44, "Rfilt", "T", 1355, -520, 180],
		[45, "Rg2", "T", 1420, -235, 270],
		[46, "SCREW1", "T", 196.85, -196.85, 0],
		[47, "SCREW2", "T", 196.85, -2559.06, 0],
		[48, "SCREW3", "T", 2559.06, -2559.06, 0],
		[49, "SCREW4", "T", 2559.06, -196.85, 0],
		[50, "U1", "T", 1105, -735, 0],
		[51, "U2", "T", 1588.66, -412.28, 0],
		[52, "U6", "T", 825, -1380, 0],
		[53, "U7", "T", 1630, -1330, 0],
		[54, "U8", "T", 1721.46, -1946.61, 90],
		[55, "U9", "T", 1180, -2040, 180]
	]
},
"pins": {
	"fields": ["PIN_NO", "PIN_NAME", "PIN_X", "PIN_Y", "LAYER", "PIN_TYPE", "NET_NAME", "NET_TYPE", "PAD_SHAPE", "PAD_SIZEX", "PAD_SIZEY", "HOLE_SIZE", "PAD_ANGLE"],
	"rows": [
		[1, "C1_1", 1250, -787.44, "T", "SMD", "AGND", "", "R", 31.5, 35.43, 0, 270],
		[2, "C1_2", 1250, -842.56, "T", "SMD", "-5V", "", "R", 31.5, 35.43, 0, 270],
		[3, "C2_1", 1250, -682.56, "T", "SMD", "AGND", "", "R", 31.5, 35.43, 0, 90],
		[4, "C2_2", 1250, -627.44, "T", "SMD", "+5V", "", "R", 31.5, 35.43, 0, 90],
		[5, "C3_1", 1730, -517.56, "T", "SMD", "-5V", "", "R", 31.5, 35.43, 0, 90],
		[6, "C3_2", 1730, -462.44, "T", "SMD", "AGND", "", "R", 31.5, 35.43, 0, 90],
		[7, "C4_1", 1730, -357.56, "T", "SMD", "AGND", "", "R", 31.5, 35.43, 0, 90],
		[8, "C4_2", 1730, -302.44, "T", "SMD", "+5V", "", "R", 31.5, 35.43, 0, 90],
		[9, "C5_1", 470, -1123.42, "T", "SMD", "+5V", "", "R", 86.91, 93.54, 0, 90],
		[10, "C5_2", 470, -1356.58, "T", "SMD", "AGND", "", "R", 86.91, 93.54, 0, 90],
		[11, "C6_1", 2195, -1376.58, "T", "SMD", "AGND", "", "R", 86.91, 93.54, 0, 270],
		[12, "C6_2", 2195, -1143.42, "T", "SMD", "-5V", "", "R", 86.91, 93.54, 0, 270],
		[13, "C7_1", 1572.76, -1435, "T", "SMD", "AGND", "", "R", 59.05, 53.5, 0, 0],
		[14, "C7_2", 1667.24, -1435, "T", "SMD", "-6V", "", "R", 59.05, 53.5, 0, 0],
		[15, "C8_1", 1557.76, -1165, "T", "SMD", "AGND", "", "R", 59.05, 53.5, 0, 0],
		[16, "C8_2", 1652.24, -1165, "T", "SMD", "-5VOUT", "", "R", 59.05, 53.5, 0, 0],
		[17, "C9_1", 897.7, -1265, "T", "SMD", "AGND", "", "R", 58.47, 68.03, 0, 180],
		[18, "C9_2", 772.3, -1265, "T", "SMD", "+5VOUT", "", "R", 58.47, 68.03, 0, 180],
		[19, "C10_1", 837.56, -1470, "T", "SMD", "AGND", "", "R", 31.5, 35.43, 0, 180],
		[20, "C10_2", 782.44, -1470, "T", "SMD", "+6.5V", "", "R", 31.5, 35.43, 0, 180],
		[21, "C11_1", 1591.72, -2086.61, "T", "SMD", "GND", "GND", "R", 64.37, 106.3, 0, 0],
		[22, "C11_2", 1711.2, -2086.61, "T", "SMD", "+12V", "", "R", 64.37, 106.3, 0, 0],
		[23, "C12_1", 1841.46, -1964.31, "T", "SMD", "$1N3691", "", "R", 58.47, 68.03, 0, 90],
		[24, "C12_2", 1841.46, -1838.91, "T", "SMD", "$1N3853", "", "R", 58.47, 68.03, 0, 90],
		[25, "C13_1", 1550.26, -1640, "T", "SMD", "GND", "GND", "R", 64.37, 106.3, 0, 0],
		[26, "C13_2", 1669.74, -1640, "T", "SMD", "-6V", "", "R", 64.37, 106.3, 0, 0],
		[27, "C14_1", 1232.56, -1940, "T", "SMD", "$1N5032", "", "R", 31.5, 35.43, 0, 180],
		[28, "C14_2", 1177.44, -1940, "T", "SMD", "$1N5017", "", "R", 31.5, 35.43, 0, 180],
		[29, "C15_1", 1075, -2137.56, "T", "SMD", "GND", "GND", "R", 31.5, 35.43, 0, 90],
		[30, "C15_2", 1075, -2082.44, "T", "SMD", "+12V", "", "R", 31.5, 35.43, 0, 90],
		[31, "C16_1", 902.42, -2095.58, "T", "SMD", "+12V", "", "R", 58.47, 68.03, 0, 90],
		[32, "C16_2", 902.42, -1970.18, "T", "SMD", "GND", "GND", "R", 58.47, 68.03, 0, 90],
		[33, "C17_1", 1003.82, -2095.12, "T", "SMD", "+12V", "", "R", 58.47, 68.03, 0, 90],
		[34, "C17_2", 1003.82, -1969.72, "T", "SMD", "GND", "GND", "R", 58.47, 68.03, 0, 90],
		[35, "C18_1", 884.74, -1625, "T", "SMD", "GND", "GND", "R", 64.37, 106.3, 0, 180],
		[36, "C18_2", 765.26, -1625, "T", "SMD", "+6.5V", "", "R", 64.37, 106.3, 0, 180],
		[37, "C19_1", 884.28, -1763.16, "T", "SMD", "GND", "GND", "R", 64.37, 106.3, 0, 180],
		[38, "C19_2", 764.8, -1763.16, "T", "SMD", "+6.5V", "", "R", 64.37, 106.3, 0, 180],
		[39, "Cf_1", 1119.37, -420, "T", "SMD", "$1N1239", "", "R", 44.59, 54.21, 0, 180],
		[40, "Cf_2", 1040.63, -420, "T", "SMD", "IN-", "", "R", 44.59, 54.21, 0, 180],
		[41, "Cff_1", 2041.46, -1754.17, "T", "SMD", "$1N3697", "", "R", 31.5, 35.43, 0, 90],
		[42, "Cff_2", 2041.46, -1699.05, "T", "SMD", "-6V", "", "R", 31.5, 35.43, 0, 90],
		[43, "Cfilt_1", 1395, -674.37, "T", "SMD", "AGND", "", "R", 44.59, 54.21, 0, 90],
		[44, "Cfilt_2", 1395, -595.63, "T", "SMD", "$1N1441", "", "R", 44.59, 54.21, 0, 90],
		[45, "D1_1", 1634.83, -1811.61, "T", "SMD", "GND", "GND", "R", 37.4, 45.28, 0, 0],
		[46, "D1_2", 1768.09, -1811.61, "T", "SMD", "$1N3853", "", "R", 37.4, 45.28, 0, 0],
		[47, "DC1_1", 474.02, -2004.18, "T", "DIP", "+12V", "", "O", 62.99, 157.48, 137.79, 0],
		[48, "DC1_1", 474.02, -2004.18, "B", "DIP", "+12V", "", "O", 62.99, 157.48, 137.79, 0],
		[49, "DC1_2", 340.16, -1775.83, "T", "DIP", "GND", "GND", "O", 62.99, 157.48, 137.79, 90],
		[50, "DC1_2", 340.16, -1775.83, "B", "DIP", "GND", "GND", "O", 62.99, 157.48, 137.79, 90],
		[51, "DC1_3", 225.99, -1886.07, "T", "DIP", "GND", "GND", "O", 62.99, 157.48, 137.79, 270],
		[52, "DC1_3", 225.99, -1886.07, "B", "DIP", "GND", "GND", "O", 62.99, 157.48, 137.79, 270],
		[53, "H1_1", 640, -1125, "T", "DIP", "+5V", "", "R", 78.74, 78.74, 47.24, 0],
		[54, "H1_1", 640, -1125, "B", "DIP", "+5V", "", "R", 78.74, 78.74, 47.24, 0],
		[55, "H1_2", 740, -1125, "T", "DIP", "+5VOUT", "", "C", 78.74, 78.74, 47.24, 0],
		[56, "H1_2", 740, -1125, "B", "DIP", "+5VOUT", "", "C", 78.74, 78.74, 47.24, 0],
		[57, "H2_1", 1840, -1150, "T", "DIP", "-5V", "", "R", 78.74, 78.74, 47.24, 180],
		[58, "H2_1", 1840, -1150, "B", "DIP", "-5V", "", "R", 78.74, 78.74, 47.24, 180],
		[59, "H2_2", 1740, -1150, "T", "DIP", "-5VOUT", "", "C", 78.74, 78.74, 47.24, 180],
		[60, "H2_2", 1740, -1150, "B", "DIP", "-5VOUT", "", "C", 78.74, 78.74, 47.24, 180],
		[61, "L1_1", 1919.45, -2146.81, "T", "SMD", "+12V", "", "R", 27.56, 35.43, 0, 90],
		[62, "L1_2", 1919.45, -2046.41, "T", "SMD", "$1N3691", "", "R", 27.56, 35.43, 0, 90],
		[63, "L1_3", 1793.47, -2046.41, "T", "SMD", "$1N3691", "", "R", 27.56, 35.43, 0, 90],
		[64, "L1_4", 1793.47, -2146.81, "T", "SMD", "+12V", "", "R", 27.56, 35.43, 0, 90],
		[65, "L2_1", 1869.45, -1736.81, "T", "SMD", "$1N3853", "", "R", 27.56, 35.43, 0, 90],
		[66, "L2_2", 1869.45, -1636.41, "T", "SMD", "-6V", "", "R", 27.56, 35.43, 0, 90],
		[67, "L2_3", 1743.47, -1636.41, "T", "SMD", "-6V", "", "R", 27.56, 35.43, 0, 90],
		[68, "L2_4", 1743.47, -1736.81, "T", "SMD", "$1N3853", "", "R", 27.56, 35.43, 0, 90],
		[69, "L3_1", 745, -1874.29, "T", "SMD", "+6.5V", "", "R", 74.8, 98.42, 0, 270],
		[70, "L3_2", 745, -2035.71, "T", "SMD", "$1N5017", "", "R", 74.8, 98.42, 0, 270],
		[71, "P1_1", 965, -2505, "T", "DIP", "+12V", "", "C", 78.74, 78.74, 51.18, 0],
		[72, "P1_1", 965, -2505, "B", "DIP", "+12V", "", "C", 78.74, 78.74, 51.18, 0],
		[73, "P1_2", 765, -2505, "T", "DIP", "GND", "GND", "C", 78.74, 78.74, 51.18, 0],
		[74, "P1_2", 765, -2505, "B", "DIP", "GND", "GND", "C", 78.74, 78.74, 51.18, 0],
		[75, "P2_1", 1515, -2504.11, "T", "DIP", "+5V", "", "C", 78.74, 78.74, 51.18, 180],
		[76, "P2_1", 1515, -2504.11, "B", "DIP", "+5V", "", "C", 78.74, 78.74, 51.18, 180],
		[77, "P2_2", 1715, -2504.11, "T", "DIP", "-5V", "", "C", 78.74, 78.74, 51.18, 180],
		[78, "P2_2", 1715, -2504.11, "B", "DIP", "-5V", "", "C", 78.74, 78.74, 51.18, 180],
		[79, "P2_3", 1915, -2504.11, "T", "DIP", "AGND", "", "C", 78.74, 78.74, 51.18, 180],
		[80, "P2_3", 1915, -2504.11, "B", "DIP", "AGND", "", "C", 78.74, 78.74, 51.18, 180],
		[81, "R1_1", 1715.34, -135, "T", "SMD", "$1N1504", "", "R", 31.75, 34.02, 0, 0],
		[82, "R1_2", 1774.66, -135, "T", "SMD", "$1N1693", "", "R", 31.75, 34.02, 0, 0],
		[83, "R2_1", 1774.66, -195, "T", "SMD", "$1N1693", "", "R", 31.75, 34.02, 0, 180],
		[84, "R2_2", 1715.34, -195, "T", "SMD", "$1N1504", "", "R", 31.75, 34.02, 0, 180],
		[85, "R14_1", 1390, -1470.34, "T", "SMD", "AGND", "", "R", 31.75, 34.02, 0, 270],
		[86, "R14_2", 1390, -1529.66, "T", "SMD", "GND", "GND", "R", 31.75, 34.02, 0, 270],
		[87, "R15_1", 1150, -1475.34, "B", "SMD", "AGND", "", "R", 31.75, 34.02, 0, 270],
		[88, "R15_2", 1150, -1534.66, "B", "SMD", "GND", "GND", "R", 31.75, 34.02, 0, 270],
		[89, "Rf_1", 1119.37, -515, "T", "SMD", "$1N1239", "", "R", 44.59, 54.21, 0, 180],
		[90, "Rf_2", 1040.63, -515, "T", "SMD", "IN-", "", "R", 44.59, 54.21, 0, 180],
		[91, "RF1_1", 614.61, -285.4, "T", "DIP", "AGND", "", "C", 86.61, 86.61, 62.99, 90],
		[92, "RF1_1", 614.61, -285.4, "B", "DIP", "AGND", "", "C", 86.61, 86.61, 62.99, 90],
		[93, "RF1_2", 815.39, -285.4, "T", "DIP", "AGND", "", "C", 86.61, 86.61, 62.99, 90],
		[94, "RF1_2", 815.39, -285.4, "B", "DIP", "AGND", "", "C", 86.61, 86.61, 62.99, 90],
		[95, "RF1_3", 815.39, -84.6, "T", "DIP", "AGND", "", "C", 86.61, 86.61, 62.99, 90],
		[96, "RF1_3", 815.39, -84.6, "B", "DIP", "AGND", "", "C", 86.61, 86.61, 62.99, 90],
		[97, "RF1_4", 614.61, -84.6, "T", "DIP", "AGND", "", "C", 86.61, 86.61, 62.99, 90],
		[98, "RF1_4", 614.61, -84.6, "B", "DIP", "AGND", "", "C", 86.61, 86.61, 62.99, 90],
		[99, "RF1_5", 715, -185.01, "T", "DIP", "IN-", "", "C", 78.74, 78.74, 51.18, 90],
		[100, "RF1_5", 715, -185.01, "B", "DIP", "IN-", "", "C", 78.74, 78.74, 51.18, 90],
		[101, "Rf2_1", 1604.37, -195, "T", "SMD", "$1N1504", "", "R", 44.59, 54.21, 0, 180],
		[102, "Rf2_2", 1525.63, -195, "T", "SMD", "$1N1510", "", "R", 44.59, 54.21, 0, 180],
		[103, "RF2_1", 1944.61, -285.4, "T", "DIP", "AGND", "", "C", 86.61, 86.61, 62.99, 90],
		[104, "RF2_1", 1944.61, -285.4, "B", "DIP", "AGND", "", "C", 86.61, 86.61, 62.99, 90],
		[105, "RF2_2", 2145.39, -285.4, "T", "DIP", "AGND", "", "C", 86.61, 86.61, 62.99, 90],
		[106, "RF2_2", 2145.39, -285.4, "B", "DIP", "AGND", "", "C", 86.61, 86.61, 62.99, 90],
		[107, "RF2_3", 2145.39, -84.61, "T", "DIP", "AGND", "", "C", 86.61, 86.61, 62.99, 90],
		[108, "RF2_3", 2145.39, -84.61, "B", "DIP", "AGND", "", "C", 86.61, 86.61, 62.99, 90],
		[109, "RF2_4", 1944.61, -84.61, "T", "DIP", "AGND", "", "C", 86.61, 86.61, 62.99, 90],
		[110, "RF2_4", 1944.61, -84.61, "B", "DIP", "AGND", "", "C", 86.61, 86.61, 62.99, 90],
		[111, "RF2_5", 2045, -185.01, "T", "DIP", "$1N1693", "", "C", 78.74, 78.74, 51.18, 90],
		[112, "RF2_5", 2045, -185.01, "B", "DIP", "$1N1693", "", "C", 78.74, 78.74, 51.18, 90],
		[113, "Rfb1_1", 1976.2, -1762.57, "T", "SMD", "$1N3697", "", "R", 44.59, 54.21, 0, 90],
		[114, "Rfb1_2", 1976.2, -1683.83, "T", "SMD", "-6V", "", "R", 44.59, 54.21, 0, 90],
		[115, "Rfb2_1", 1976.46, -1915.98, "T", "SMD", "GND", "GND", "R", 44.59, 54.21, 0, 90],
		[116, "Rfb2_2", 1976.46, -1837.24, "T", "SMD", "$1N3697", "", "R", 44.59, 54.21, 0, 90],
		[117, "Rfb3_1", 1395, -2074.37, "T", "SMD", "$1N5055", "", "R", 44.59, 54.21, 0, 90],
		[118, "Rfb3_2", 1395, -1995.63, "T", "SMD", "+6.5V", "", "R", 44.59, 54.21, 0, 90],
		[119, "Rfb4_1", 1315, -1995.63, "T", "SMD", "GND", "GND", "R", 44.59, 54.21, 0, 270],
		[120, "Rfb4_2", 1315, -2074.37, "T", "SMD", "$1N5055", "", "R", 44.59, 54.21, 0, 270],
		[121, "Rfilt_1", 1394.37, -520, "T", "SMD", "$1N1441", "", "R", 44.59, 54.21, 0, 180],
		[122, "Rfilt_2", 1315.63, -520, "T", "SMD", "$1N1239", "", "R", 44.59, 54.21, 0, 180],
		[123, "Rg2_1", 1420, -195.63, "T", "SMD", "$1N1510", "", "R", 44.59, 54.21, 0, 270],
		[124, "Rg2_2", 1420, -274.37, "T", "SMD", "AGND", "", "R", 44.59, 54.21, 0, 270],
		[125, "SCREW1_1", 196.85, -196.85, "T", "DIP", "SCREW1_1", "", "C", 78.74, 78.74, 78.74, 0],
		[126, "SCREW1_1", 196.85, -196.85, "B", "DIP", "SCREW1_1", "", "C", 78.74, 78.74, 78.74, 0],
		[127, "SCREW2_1", 196.85, -2559.06, "T", "DIP", "SCREW2_1", "", "C", 78.74, 78.74, 78.74, 0],
		[128, "SCREW2_1", 196.85, -2559.06, "B", "DIP", "SCREW2_1", "", "C", 78.74, 78.74, 78.74, 0],
		[129, "SCREW3_1", 2559.06, -2559.06, "T", "DIP", "SCREW3_1", "", "C", 78.74, 78.74, 78.74, 0],
		[130, "SCREW3_1", 2559.06, -2559.06, "B", "DIP", "SCREW3_1", "", "C", 78.74, 78.74, 78.74, 0],
		[131, "SCREW4_1", 2559.06, -196.85, "T", "DIP", "SCREW4_1", "", "C", 78.74, 78.74, 78.74, 0],
		[132, "SCREW4_1", 2559.06, -196.85, "B", "DIP", "SCREW4_1", "", "C", 78.74, 78.74, 78.74, 0],
		[133, "U1_1", 1030, -844.15, "T", "SMD", "AGND", "", "O", 23.15, 80.51, 0, 0],
		[134, "U1_2", 1080, -844.15, "T", "SMD", "U1_2", "", "O", 23.15, 80.51, 0, 0],
		[135, "U1_3", 1130, -844.15, "T", "SMD", "U1_3", "", "O", 23.15, 80.51, 0, 0],
		[136, "U1_4", 1180, -844.15, "T", "SMD", "-5V", "", "O", 23.15, 80.51, 0, 0],
		[137, "U1_5", 1180, -625.85, "T", "SMD", "+5V", "", "O", 23.15, 80.51, 0, 0],
		[138, "U1_6", 1130, -625.85, "T", "SMD", "$1N1239", "", "O", 23.15, 80.51, 0, 0],
		[139, "U1_7", 1080, -625.85, "T", "SMD", "GRD1", "", "O", 23.15, 80.51, 0, 0],
		[140, "U1_8", 1030, -625.85, "T", "SMD", "IN-", "", "O", 23.15, 80.51, 0, 0],
		[141, "U2_1", 1513.66, -521.43, "T", "SMD", "$1N1441", "", "O", 23.15, 80.51, 0, 0],
		[142, "U2_2", 1563.66, -521.43, "T", "SMD", "GRD2", "", "O", 23.15, 80.51, 0, 0],
		[143, "U2_3", 1613.66, -521.43, "T", "SMD", "U2_3", "", "O", 23.15, 80.51, 0, 0],
		[144, "U2_4", 1663.66, -521.43, "T", "SMD", "-5V", "", "O", 23.15, 80.51, 0, 0],
		[145, "U2_5", 1663.66, -303.13, "T", "SMD", "+5V", "", "O", 23.15, 80.51, 0, 0],
		[146, "U2_6", 1613.66, -303.13, "T", "SMD", "$1N1504", "", "O", 23.15, 80.51, 0, 0],
		[147, "U2_7", 1563.66, -303.13, "T", "SMD", "U2_7", "", "O", 23.15, 80.51, 0, 0],
		[148, "U2_8", 1513.66, -303.13, "T", "SMD", "$1N1510", "", "O", 23.15, 80.51, 0, 0],
		[149, "U6_1", 787.6, -1423.31, "T", "SMD", "+6.5V", "", "R", 23.62, 39.37, 0, 0],
		[150, "U6_2", 825, -1423.31, "T", "SMD", "AGND", "", "R", 23.62, 39.37, 0, 0],
		[151, "U6_3", 862.4, -1423.31, "T", "SMD", "+6.5V", "", "R", 23.62, 39.37, 0, 0],
		[152, "U6_4", 862.4, -1336.69, "T", "SMD", "AGND", "", "R", 23.62, 39.37, 0, 0],
		[153, "U6_5", 787.6, -1336.69, "T", "SMD", "+5VOUT", "", "R", 23.62, 39.37, 0, 0],
		[154, "U7_1", 1530, -1329.81, "T", "DIP", "AGND", "", "R", 70.87, 102.36, 47.24, 0],
		[155, "U7_1", 1530, -1329.81, "B", "DIP", "AGND", "", "R", 70.87, 102.36, 47.24, 0],
		[156, "U7_2", 1630, -1329.81, "T", "DIP", "-6V", "", "O", 70.87, 102.36, 47.24, 0],
		[157, "U7_2", 1630, -1329.81, "B", "DIP", "-6V", "", "O", 70.87, 102.36, 47.24, 0],
		[158, "U7_3", 1730, -1330.19, "T", "DIP", "-5VOUT", "", "O", 70.87, 102.36, 47.24, 0],
		[159, "U7_3", 1730, -1330.19, "B", "DIP", "-5VOUT", "", "O", 70.87, 102.36, 47.24, 0],
		[160, "U8_1", 1758.85, -1903.3, "T", "SMD", "$1N3691", "", "R", 23.62, 39.37, 0, 180],
		[161, "U8_2", 1721.46, -1903.3, "T", "SMD", "GND", "GND", "R", 23.62, 39.37, 0, 180],
		[162, "U8_3", 1684.06, -1903.3, "T", "SMD", "$1N3697", "", "R", 23.62, 39.37, 0, 180],
		[163, "U8_4", 1684.05, -1989.92, "T", "SMD", "+12V", "", "R", 23.62, 39.37, 0, 180],
		[164, "U8_5", 1758.86, -1989.92, "T", "SMD", "+12V", "", "R", 23.62, 39.37, 0, 180],
		[165, "U9_1", 1126.85, -2002.6, "T", "SMD", "GND", "GND", "R", 43.31, 23.62, 0, 180],
		[166, "U9_2", 1126.85, -2040, "T", "SMD", "$1N5017", "", "R", 43.31, 23.62, 0, 180],
		[167, "U9_3", 1126.85, -2077.4, "T", "SMD", "+12V", "", "R", 43.31, 23.62, 0, 180],
		[168, "U9_4", 1233.15, -2077.4, "T", "SMD", "$1N5055", "", "R", 43.31, 23.62, 0, 180],
		[169, "U9_5", 1233.15, -2040, "T", "SMD", "+12V", "", "R", 43.31, 23.62, 0, 180],
		[170, "U9_6", 1233.15, -2002.6, "T", "SMD", "$1N5032", "", "R", 43.31, 23.62, 0, 180]
	]
}
}